Classifier,pH Threshold,AUC,Sensitivity,Specificity,Spec1 Violations,Spec2 Violations,Spec3 Violations,Flip Rate,Mean Flip Magnitude
RF,<7.15,0.6621130062242341,0.07865168539325842,0.988009592326139,25,551,11,0.18,4.745632254945497
CNN,<7.15,0.6744267507342441,0.9101123595505618,0.22541966426858512,10,54,189,0.58,10.0274762335836
RF,<7.05,0.7343035343035342,0.0,0.997920997920998,26,395,1,0.0,
CNN,<7.05,0.743950103950104,0.64,0.6632016632016632,13,77,169,0.88,5.363870912295415
